합계 : Number of reported cases of cholera,Year,,,,,,,,,,,,,,,,,,,,,,,,,,,,,,,,,,,,,,,,,,,,,,,,,,,,,,,,,,,,,,,,,,,,
Country,1949,1950,1951,1952,1953,1954,1955,1956,1957,1958,1959,1960,1961,1962,1963,1964,1965,1966,1967,1968,1969,1970,1971,1972,1973,1974,1975,1976,1977,1978,1979,1980,1981,1982,1983,1984,1985,1986,1987,1988,1989,1990,1991,1992,1993,1994,1995,1996,1997,1998,1999,2000,2001,2002,2003,2004,2005,2006,2007,2008,2009,2010,2011,2012,2013,2014,2015,2016,총합계
Afghanistan,,,,,,,,,,,,887,,,,,218,,,,,,,,,,,,,,,,,,,,,,,,,,,,37046,38735,19903,,4170,10000,24639,4330,4499,3,41,,33,,,4384,662,2369,3733,12,3957,45481,58064,677,263843
Algeria,,,,,,,,,,,,,,,,,,,,,,,1332,646,605,738,1165,286,262,220,2513,614,,,218,45,,,1507,699,393,1299,,69,,118,,,,,,,,,,,0,0,,,,,,,,,,,12729
Angola,,,,,,,,,,,,,,,,,,,,,,,1,268,263,934,88,,726,,,,,,,,,,16222,15500,17601,9527,8590,3608,,3443,3295,1306,,,,,,,,,0,67257,18422,10511,2019,1484,1810,1215,6655,213,,78,191036
Bangladesh,,29809,20894,21154,27631,15617,16642,23699,8054,15631,16915,15618,2663,2524,3975,3333,1123,3154,664,3156,7411,7419,2342,1059,1969,5614,4888,957,10403,5576,2154,,,,,,,,523,571,94,82,8,479,78,562,2297,418,1959,1067,3440,1021,,,,,,,,,,,,,,,,,294647
Benin,,,,,,,,,,,,,,,,,,,,,,175,2133,250,3,73,45,146,2,27,,3,2,3,1,1,,243,,,,,7474,413,10,187,203,6190,796,206,855,468,3943,270,434,642,749,91,,985,74,983,755,625,528,832,,761,31581
Burkina Faso,,,,,,,,,,,,,,,,,,,,,,1,1761,1,1118,632,3,,,1,,,,,,2191,1149,,,,,,537,,,,1451,425,,1036,93,617,477,,1,,1050,0,,0,,,20,143,,,,,12707
Burundi,,,,,,,,,,,,,,,,,,,,,,,,,,,,,,8297,915,2039,582,415,512,180,259,,,,,82,3,479,78,562,2297,418,1959,1067,3440,1021,1003,577,432,819,1309,886,365,234,355,333,1072,214,1557,582,442,434,35219
Cameroon,,,,,,,,,,,,,,,,,,,,,,,2167,362,206,83,3,135,,3,16,229,243,5,55,392,1158,165,94,4,4,16,4026,1268,648,527,615,5796,1709,4603,1584,123,259,66,207,8005,2847,922,10,0,804,10759,22433,363,29,3355,124,,76422
Central African Republic,,,,,,,,,,,,,,,,,,,,,,,,,,,,,,,,,,,,,,,,,,,,,,,,,443,22,,,,,,320,0,0,,,,,117,21,,,,,923
Chad,,,,,,,,,,,,,,,,,,,,,,,8230,9,,338,,,,,,,,,,,,,,,,,13915,,,1094,,7830,8801,4095,217,,5244,,55,5531,90,1668,0,,67,6395,17267,,,,,,80846
Congo,,,,,,,,,,,,,,,,,,,,,,,,,,,,,,51,5,,,,,,,,,,,,,,,,,,275,3222,4813,9,,,,,0,175,7785,156,93,,762,1181,1624,,,15,20166
Côte d'Ivoire,,,,,,,,,,,,,,,,,,,,,,868,668,,,,,,,,3,,,34,,,,,,,,,604,37,724,1108,4993,1345,,,,,5912,4188,1034,105,39,414,8,7,5,32,1261,424,56,235,199,,24303
Democratic Republic of the Congo,,,,,,,,,,,,,,,,,,,,,,,,,,,,,,3481,5515,1051,2379,10328,2977,162,740,1059,1150,295,99,468,4066,1949,986,58057,553,7886,2421,34899,12711,14995,5728,31658,27272,7665,13430,20642,28269,30150,22899,13884,21700,33661,26944,22203,19182,28093,521607
Ethiopia,,,,,,,,,,,,,,,,,,,,,,850,2187,,,,,,,,,,,0,,,,,,,,,,,,,,,,,,,,,,16,0,54070,24121,3862,31509,1682,,,,,,,118297
Ghana,,,,,,,,,,,,,,,,,,,,,,2733,13048,625,677,483,187,102,6565,1853,1783,260,943,11051,14160,1015,60,,,,,2937,13172,228,1448,2267,4698,1665,379,3426,9432,3331,5487,3614,204,407,3166,3357,179,1223,1294,438,10628,9548,50,28944,692,175,167934
Guinea,,,,,,,,,,,,,,,,,,,,,,2000,,,,,,,,,,,,,,,,286,,,,,,,,31415,6506,287,,881,599,519,392,61,6,1516,3821,3242,8546,513,42,,3,7350,319,1,,,68305
Guinea-Bissau,,,,,,,,,,,,,,,,,,,,,,,,,,,,,,,,,,,,,,200,6000,,,,,,,15296,119,8397,20555,126,,,,842,290,155,25111,37,153,14323,5,,,3068,969,11,,,95657
Haiti,,,,,,,,,,,,,,,,,,,,,,,,,,,,,,,,,,,,,,,,,,,,,,,,,,,,,,,,,,,,,,179379,340311,112076,58809,27753,36045,41421,795794
India,,625,86787,101493,213225,22146,23533,39829,54961,66849,14852,14621,47637,51082,44839,53011,42677,13052,13708,22587,19280,15067,71386,20435,41611,30903,22049,14946,8376,10585,5073,8344,4681,4656,8542,2527,5808,4208,11934,17162,5640,3583,6993,6911,12084,4973,3315,4396,2768,7151,3839,4053,4081,3455,2893,4695,3155,1939,2635,2680,,5155,,,6008,4031,889,841,1363250
Iran (Islamic Republic of),,,,,,,,,,,,,,,,,5037,162,221,,557,19663,344,322,55,304,2966,2100,10836,264,1856,1599,6034,427,270,531,1208,20,295,486,5222,178,1892,97,1347,15,2177,,1106,270,1369,345,105,118,96,94,1133,,19,72,,,1187,53,256,,86,,72794
Iraq,,,,,,,,,,,,,,,,,,227,,,,,,,,,,,133,96,,,,,,,,,,,,,877,97,280,838,820,1,,53,1985,532,560,718,187,35,,,4697,925,6,2,,4693,1,,4965,0,22728
Kenya,,,,,,,,,,,,,,,,,,,,,,,239,51,,402,1093,1359,21,673,1070,2808,2424,3498,1049,14,1352,839,255,,918,,,3388,,880,1547,482,17200,22432,11039,1157,1001,291,,870,816,870,1206,3091,11425,3188,74,,,35,13291,5866,118214
Liberia,,,,,,,,,,,,,,,,,,,,,,168,606,947,1336,512,704,646,512,422,438,2690,1582,670,183,492,355,59,33,68,28,,132,,,764,3420,8922,91,2123,215,365,1062,1115,34740,2786,3823,4929,3063,1236,1070,1546,1146,219,92,44,,,85354
Madagascar,,,,,,,,,,,,,,,,,,,,,,,2,,,,,,,,,,,,,,,,,,,,,,,,,0,,,9973,29305,7219,27,5,,0,0,,,,,,,,,,,46531
Malawi,,,,,,,,,,,,,,,,,,,,,,,,,371,,,19,577,263,,,261,,487,,,,,6,8351,13457,8088,298,25193,107,1,1,130,1745,26508,2391,2395,32618,2736,675,1105,4148,475,831,5751,1155,120,187,,,693,1792,142935
Mali,,,,,,,,,,,,,,,,,,,,,,2665,4792,2,219,130,,,,,,,,,,1795,3759,1916,352,,,,,,,,2191,5723,6,,6,1885,67,18,1455,2839,1178,7,,153,,,2220,219,23,,,,33620
Mauritania,,,,,,,,,,,,,,,,,,,,,,,1139,148,150,,,,,,,,,,,166,259,3734,1578,575,700,,,,,,,4534,462,,,,,80,34,,4132,25,3,,,,46,,,,,,17765
Mozambique,,,,,,,,,,,,,,,,,,,,,,,,,453,1018,11,3,18,,4564,1212,1753,2301,10745,521,3,1,,,371,4152,7847,30802,19803,692,,0,8739,42672,44329,17649,8794,24375,13758,20080,2226,6306,2622,9087,19679,7430,1279,647,1869,480,8739,883,327913
Namibia,,,,,,,,,,,,,,,,,,,,,,,,,,,,,,,,,,,,,,,,,,,,,,,,,,,,,,,,,0,185,14,3496,159,,,,3,485,,,4342
Nepal,,,,,,,,,,2706,,,,,,,727,2,,34,226,391,4,1,7,8,260,185,428,1662,22,1,24,,,,,,,,141,23888,30648,798,31,32,157,274,245,1745,,,,,,,,,264,,82,1790,12,34,,933,80,169,68011
Niger,,,,,,,,,,,,,,,,,,,,,,16,9265,51,121,286,,,,,,,7,,,3788,,,,,166,,3238,,,732,264,3957,259,,1186,225,81,236,292,2178,553,1232,24,972,,1154,2324,5284,585,2059,51,38,40624
Nigeria,,,,,,,,,,,,,,,,,,,,,,15,22931,1363,157,,38,112,376,197,293,138,107,248,178,1667,30,91,1290,137,1078,,59478,8687,4160,2859,1059,12374,1322,3464,26358,2799,2312,5429,1933,3186,4477,2028,1661,5410,13691,44456,23377,597,6600,35996,5290,768,310217
Pakistan,,,,,,,,,,366,,6704,,,,,21,,,3932,717,2,1185,,,,,144,12,,,,4,,,,,,,,,,,,12092,,,,,,,,,,,,,,,,,164,527,144,1069,1218,,,28301
Philippines,,,,,,,,,,,,,9923,13015,3979,16464,4581,5261,1629,2787,1541,1095,3585,5601,2840,1730,680,1258,1363,1408,1268,836,864,930,,,10,,,,,,,345,708,3340,847,1402,605,729,330,275,174,,,533,139,66,0,,,33,120,1864,6,4547,,124,98835
Rwanda,,,,,,,,,,,,,,,,,,,,,,,,,,,,,,838,5,30,24,201,54,161,21,226,101,70,1,,679,503,568,10,3,106,274,3220,327,1235,157,,12,586,89,405,1453,23,67,,,9,,,,355,11813
Senegal,,,,,,,,,,,,,,,,,,,,,,,265,379,,,,,,315,103,,428,,,728,2988,476,3150,390,,,,,,,3332,16107,371,,,,,,,1227,31719,365,3984,1283,4,3,5,1,,,,,67623
Sierra Leone,,,,,,,,,,,,,,,,,,,,,,293,211,,,,,,12,,,,,,,,,8957,557,,,,,,,9709,10285,,,2096,863,,,,,513,6,2560,2219,62,,,,23124,377,,,,61844
Somalia,,,,,,,,,,,,,,,,,,,,,,43,89,,,,,,,,,,,,,,10199,15980,,,,,,,,28334,9255,10274,6814,4417,17757,7496,2567,2775,11020,4490,,,41643,1281,208,3510,77636,22576,6864,2820,7536,15619,311203
South Africa,,,,,,,,,,,,,,,,,,,,,,,,,1,37,,,,,2,859,4180,11968,4715,1182,2742,120,37,,,,10,11,78,4,,,,20,68,19667,106159,10004,3901,2767,3503,0,,3907,10520,,,,1,,,,186463
South Sudan,,,,,,,,,,,,,,,,,,,,,,,,,,,,,,,,,,,,,,,,,,,,,,,,,,,,,,,,,,,,,,,,,,6421,1818,4295,12534
Thailand,16,,1,,,,,,,10201,4368,,,,2230,960,65,401,148,404,961,,,,844,1475,1335,6,383,4183,1788,4331,39,638,1497,645,899,213,6353,3418,,,,,,3487,,,,,,,,,,,,35,1428,436,315,1974,279,29,8,12,125,52,55982
Togo,,,,,,,,,,,,,,,,,,,,,,75,335,16,,58,,,132,6,,,,,,,,,,1,,,2396,753,19,47,65,146,42,3217,667,338,2551,257,384,1080,1320,1159,65,397,218,72,4,61,166,262,35,,16344
Uganda,,,,,,,,,,,,,,,,,,,,,,,757,,,,3,,,1120,940,1539,,190,,,,,140,,,,279,5072,,704,538,291,2610,49514,5179,2807,247,2274,4377,3380,4924,5194,276,3726,1095,2341,,6326,748,309,1461,516,108877
Yemen,,,,,,,,,,,,,,,,,,,,,,,190,1064,215,6,1,,,414,1953,720,,,,,,,,,,,,4,,,,,,,,,,,,,,,,,55,300,31789,,,,,15751,52462
Zambia,,,,,,,,,,,,,,,,,,,,,,,,,,,,,,263,12,57,14,1403,233,,,,,,44,3717,13154,11659,6766,,,2172,36,171,13511,4504,3109,339,1049,12149,1503,5360,2286,2061,4712,6794,330,198,,,,,97606
Zimbabwe,,,,,,,,,,,,,,,,,,,,,,,,,1,37,615,144,,,,,,,,,144,2,,,,,,2048,5385,,,,,995,5637,1675,650,3125,1009,119,516,789,65,60055,68153,951,1220,23,,,60,10,153428
총합계,16,30434,107682,122647,240856,37763,40175,63528,63015,95753,36135,37830,60223,66621,55023,73768,54449,22259,16370,32900,30693,53539,151194,33600,53222,45801,36134,22548,41137,42218,32291,29360,26575,48966,45876,18203,33143,38795,51571,39382,40851,63386,188106,80003,129532,210898,86206,113125,86547,210684,232969,125137,176235,128533,109857,89463,117962,190363,157960,167532,197038,299756,565567,236189,126173,189262,159867,118733,6729629
